Name,Available Slot,Fees,Status
Anna Lindsey,31/07/2024,£82.01,Not Booked
Joyce Oconnor,07/04/2024,£27.02,Not Booked
Sean Garcia,08/03/2024,£60.95,Not Booked
Michelle Perez,31/07/2024,£72.12,Not Booked
Hannah Durham,31/07/2024,£13.65,Not Booked
Kevin Dixon,09/07/2024,£31.01,Not Booked
Joan Roberts,06/05/2024,£90.66,Not Booked
Renee Wiggins,31/07/2024,£31.69,Not Booked
Thomas Martinez,13/04/2024,£42.93,Not Booked
William Ayers,31/07/2024,£39.82,Not Booked
Shannon Summers,31/07/2024,£30.64,Not Booked
Kristina Miller,31/07/2024,£48.51,Not Booked
Justin Wells,31/07/2024,£62.5,Not Booked
Maria Scott,31/07/2024,£64.43,Not Booked
Sean Casey,31/07/2024,£37.71,Not Booked
Kenneth Rangel,08/04/2024,£16.54,Not Booked
Megan Gray,10/03/2024,£64.05,Not Booked
Julie Avery,31/07/2024,£47.38,Not Booked
Joe Chandler,14/06/2024,£99.34,Not Booked
Andrew Powell,31/07/2024,£80.19,Not Booked
Richard Keller,27/03/2024,£57.83,Not Booked
Angel Carpenter,31/07/2024,£37.27,Not Booked
Carolyn Walker,12/04/2024,£91.85,Not Booked
John Hawkins,08/07/2024,£94.06,Not Booked
Timothy Johnson,31/07/2024,£89.71,Not Booked
Michelle Buchanan,12/02/2024,£13.82,Not Booked
Michael Miller,31/07/2024,£72.81,Not Booked
Matthew Powell,14/03/2024,£65.24,Not Booked
Donna Arnold,31/07/2024,£38.07,Not Booked
Terri Peters,31/07/2024,£57.01,Not Booked
Brenda Aguirre,28/06/2024,£66.84,Not Booked
Scott Williams,31/07/2024,£70.15,Not Booked
Scott Lewis,27/01/2024,£58.08,Not Booked
Brandon Wright,20/01/2024,£52.83,Not Booked
Mariah Cooke,31/07/2024,£33.48,Not Booked
Daniel Mccormick,02/07/2024,£99.84,Not Booked
Samuel Smith,14/04/2024,£86.98,Not Booked
Kayla Price,06/04/2024,£76.15,Not Booked
Kimberly Parker,07/07/2024,£74.69,Not Booked
Autumn Cardenas,16/04/2024,£84.84,Not Booked
Karina Vance,04/04/2024,£92.91,Not Booked
Jessica Allen,28/06/2024,£73.17,Not Booked
Veronica Brown,31/07/2024,£96.57,Not Booked
Chad Williams,22/03/2024,£11.71,Not Booked
Mercedes Jones,02/01/2024,£93.25,Not Booked
Robert Newman,28/06/2024,£32.59,Not Booked
Kyle Shepard,07/03/2024,£30.89,Not Booked
Stacey Holland,25/06/2024,£16.91,Not Booked
Martin Henson,05/01/2024,£47.05,Not Booked
Brian Brown,08/03/2024,£88.54,Not Booked
Rachel Carlson,25/05/2024,£47.25,Not Booked
Kendra Johnson,23/07/2024,£83.29,Not Booked
Steve Martin,26/07/2024,£77.66,Not Booked
Kristen Jones,12/05/2024,£25.47,Not Booked
Heidi Ray,31/07/2024,£82.02,Not Booked
Amanda Smith,31/07/2024,£75.64,Not Booked
James Kim,31/07/2024,£28.2,Not Booked
Perry Jimenez,02/03/2024,£47.2,Not Booked
Stephanie Douglas,31/07/2024,£48.01,Not Booked
Elizabeth Molina,31/07/2024,£88.8,Not Booked
Kyle Cole,01/07/2024,£16.07,Not Booked
Bryce Todd,08/04/2024,£51.33,Not Booked
Matthew Hayes,31/07/2024,£22.01,Not Booked
Barry Perez,27/05/2024,£48.66,Not Booked
Patricia Berg,31/07/2024,£70.24,Not Booked
James Reid,21/06/2024,£95.9,Not Booked
Mary Hendricks,12/07/2024,£68.26,Not Booked
Troy Williams,31/07/2024,£29.41,Not Booked
Victoria Gibson,09/06/2024,£13.34,Not Booked
Christy Martinez,17/01/2024,£30.04,Not Booked
David Nguyen,31/07/2024,£34.53,Not Booked
Cassandra Reid,01/02/2024,£12.99,Not Booked
Craig King,15/03/2024,£23.98,Not Booked
Jennifer Johnson,02/03/2024,£83.06,Not Booked
Ann Wyatt,12/01/2024,£31.67,Not Booked
Maria Smith,24/07/2024,£10.82,Not Booked
Austin Gonzalez,05/03/2024,£80.82,Not Booked
Sarah Evans,31/07/2024,£36.76,Not Booked
Luis Bean,06/04/2024,£71.07,Not Booked
Maxwell Montgomery,25/04/2024,£76.2,Not Booked
Lawrence Johnson,13/02/2024,£71.24,Not Booked
Arthur Valdez,18/01/2024,£63.1,Not Booked
Evan Ferguson,13/03/2024,£61.3,Not Booked
John Bradshaw,13/06/2024,£55.85,Not Booked
Carla Fischer,31/07/2024,£24.9,Not Booked
Emily Lopez,31/07/2024,£41.42,Not Booked
Nicholas Griffin,21/01/2024,£95.93,Not Booked
Sean Cruz,11/03/2024,£55.73,Not Booked
Elizabeth Knight,31/07/2024,£12.05,Not Booked
Margaret Thompson,25/06/2024,£55.06,Not Booked
Timothy Sharp,31/07/2024,£95.43,Not Booked
Erica Parks,15/03/2024,£60.07,Not Booked
Johnny Lara,31/07/2024,£49.39,Not Booked
Melody Berry,31/07/2024,£79.08,Not Booked
Joseph Rich,31/07/2024,£77.6,Not Booked
Dustin Marshall,31/07/2024,£63.66,Not Booked
Jennifer Fisher,16/05/2024,£15.92,Not Booked
Sharon Brooks,25/04/2024,£48.32,Not Booked
Amy Cox,31/07/2024,£97.6,Not Booked
Jonathan Peters,31/07/2024,£47.25,Not Booked
John Hernandez,24/03/2024,£81.69,Not Booked
Brian Schwartz,31/07/2024,£30.14,Not Booked
Erik Marshall,31/07/2024,£82.36,Not Booked
Michael Simpson,31/07/2024,£49.42,Not Booked
Emma Perry,31/07/2024,£57.55,Not Booked
Julian Wells,28/03/2024,£82.55,Not Booked
Kathleen Sanders,31/07/2024,£24.47,Not Booked
Jacqueline Maxwell,31/07/2024,£76.84,Not Booked
Amanda Sparks,03/03/2024,£85.52,Not Booked
Kyle Thompson,31/07/2024,£51.02,Not Booked
Kayla Hernandez,31/07/2024,£87.82,Not Booked
Joseph Sims,31/07/2024,£68.06,Not Booked
Evan Hensley,28/02/2024,£34.87,Not Booked
Lori Mckinney,21/02/2024,£73.46,Not Booked
Michael Lee,31/07/2024,£10.65,Not Booked
Sarah White,26/07/2024,£54.33,Not Booked
Beth Johnson,15/02/2024,£90.71,Not Booked
Brandon Gonzalez,26/07/2024,£35.03,Not Booked
Douglas Braun,31/07/2024,£81.57,Not Booked
Joseph Trujillo,19/03/2024,£59.86,Not Booked
Valerie Perry,07/01/2024,£94.27,Not Booked
Caitlin Morgan,31/07/2024,£70.3,Not Booked
Sabrina Mcgee,31/07/2024,£27.11,Not Booked
Nicole White,18/04/2024,£61.19,Not Booked
Richard Bruce,11/06/2024,£39.64,Not Booked
April Carter,01/03/2024,£19.6,Not Booked
Megan Moore,14/01/2024,£81.26,Not Booked
Brian Smith,31/07/2024,£98.93,Not Booked
Dylan Bolton,02/07/2024,£36.12,Not Booked
Jennifer Woods,31/07/2024,£38.78,Not Booked
Brett Brown,12/01/2024,£28.05,Not Booked
Katherine Shea,19/05/2024,£32.28,Not Booked
Stacy Taylor,31/07/2024,£75.04,Not Booked
Melanie Woods,27/05/2024,£87.24,Not Booked
Jay Fowler,17/07/2024,£64.39,Not Booked
Eric Warren,31/07/2024,£65.85,Not Booked
Jay Middleton,31/07/2024,£32.89,Not Booked
Jeanette Perez,31/07/2024,£11.43,Not Booked
Joseph Lyons,31/07/2024,£23.1,Not Booked
Benjamin Silva,13/04/2024,£55.57,Not Booked
Pamela Williamson,26/05/2024,£44.76,Not Booked
Michael Jackson,31/07/2024,£47.9,Not Booked
Barbara Holt,31/07/2024,£62.08,Not Booked
Erik Chang,02/01/2024,£21.52,Not Booked
Elizabeth Robertson,03/03/2024,£17.38,Not Booked
Kathy Bryant,08/05/2024,£40.93,Not Booked
Ashley Harrington,31/07/2024,£60.82,Not Booked
Bradley Pierce,08/06/2024,£25.64,Not Booked
Andrew Baldwin,26/01/2024,£55.55,Not Booked
Shirley Young,03/02/2024,£66.6,Not Booked
Mary Willis,31/07/2024,£14.92,Not Booked
Maurice Ball,31/07/2024,£13.41,Not Booked
Teresa James,31/07/2024,£22.46,Not Booked
Tiffany Krause,31/07/2024,£17.85,Not Booked
Carol Robertson,01/05/2024,£61.88,Not Booked
Stephen Turner,31/07/2024,£30.93,Not Booked
Chelsea Griffin,31/07/2024,£50.27,Not Booked
Erica Rice,16/03/2024,£79.74,Not Booked
Matthew Gonzalez,18/01/2024,£58.61,Not Booked
Micheal Hall,21/07/2024,£24.44,Not Booked
Jasmine Knapp,09/07/2024,£41.01,Not Booked
Andrew Russell,31/07/2024,£66.12,Not Booked
Patricia Scott,25/03/2024,£38.6,Not Booked
Virginia Cohen,31/07/2024,£93.39,Not Booked
Jeffrey Yang,31/07/2024,£58.66,Not Booked
Joyce Murphy,31/07/2024,£20.59,Not Booked
Elizabeth Reeves,31/07/2024,£75.74,Not Booked
Henry Shields,19/07/2024,£93.73,Not Booked
Adam Hall,31/07/2024,£10.6,Not Booked
Miranda Owen,31/07/2024,£83.18,Not Booked
Susan Simmons,31/07/2024,£25.87,Not Booked
David Schultz,31/07/2024,£76.33,Not Booked
Judy Williams,27/07/2024,£73.6,Not Booked
Edward Dunlap,31/07/2024,£63.89,Not Booked
Michael Martinez,31/07/2024,£63.05,Not Booked
Tracy Gonzalez,20/04/2024,£32.58,Not Booked
Stephen Johnson,25/03/2024,£78.46,Not Booked
Christine Wallace,14/04/2024,£20.89,Not Booked
William Cole,13/03/2024,£81.29,Not Booked
Curtis Jones,31/07/2024,£28.16,Not Booked
Tanya Powers,05/01/2024,£60.87,Not Booked
Karina Weaver,31/07/2024,£50.94,Not Booked
Scott Parker,31/07/2024,£59.67,Not Booked
Jennifer Weber,20/01/2024,£44.49,Not Booked
Frank White,31/07/2024,£54.87,Not Booked
Erin Ferguson,05/03/2024,£17.54,Not Booked
Justin Wells,31/07/2024,£65.56,Not Booked
Luke Jefferson,05/03/2024,£39.06,Not Booked
Abigail Roberson,31/07/2024,£33.15,Not Booked
Tina Miller,31/07/2024,£47.15,Not Booked
Christian Holland,31/07/2024,£67.07,Not Booked
David Bowman,26/07/2024,£27.65,Not Booked
Lisa Miller,31/07/2024,£20.9,Not Booked
Nathan Wilkerson,16/02/2024,£63.79,Not Booked
Katie Mclean,31/07/2024,£46.48,Not Booked
Jasmine Wong,31/07/2024,£28.02,Not Booked
Nicole Price,31/07/2024,£75.3,Not Booked
Isabel Gillespie,31/07/2024,£51.02,Not Booked
Stephanie Booth,31/07/2024,£26.87,Not Booked
Mike Garcia,05/03/2024,£45.03,Not Booked